<core:FragmentDefinition
	xmlns="sap.m"
	xmlns:core="sap.ui.core"
	xmlns:tnt="sap.tnt"
  xmlns:app="http://schemas.sap.com/sapui5/extension/sap.ui.core.CustomData/1">
	<ResponsivePopover
		showHeader="false"
		contentWidth="400px"
		contentHeight="500px"
		modal="true"
		placement="Auto" >
    <content>
		<NavContainer
			id="navCon">
			<Page
				id="models"
				title="{ parts: ['i18n>com.mitchbarry.controls.ModelInspector.Title'], formatter: '.getI18nValue' }">
				<List
					id="com.mitchbarry.controls.ModelInspector.ModelList"
					items="{__ModelInspector>/Models}" >
					<StandardListItem
						title="{__ModelInspector>_Info/DisplayName}"
						description="{__ModelInspector>_Info/ClassName}"
						app:ModelName="{__ModelInspector>_Info/ModelName}"
						type="Navigation"
						icon="{__ModelInspector>_Info/IconUri}"
						press="onInspect"
						iconDensityAware="false"
						iconInset="false" />
				</List>
				<footer>
					<Bar>
						<contentRight>
							<Button text="Close" press="onClosePopover" />
						</contentRight>
					</Bar>
				</footer>
			</Page>
			<Page
				id="properties"
				showNavButton="true"
				navButtonPress="onNavBack">
				<tnt:ToolHeader>
					<core:Icon src="{__ModelInspector>/InspectingModel/_Info/IconUri}" />
					<ToolbarSpacer />
					<Text text="{__ModelInspector>/InspectingModel/_Info/ClassName}" />
					<ToolbarSpacer />
					<Button icon="sap-icon://refresh" press="onModelRefresh" />
				</tnt:ToolHeader>
				<List
					id="com.mitchbarry.controls.ModelInspector.PropertyList">
				</List>
				<footer>
					<Bar>
						<contentLeft>
							<Button icon="{= ${__ModelInspector>/InspectingModel/_Info/BindingMode} === 'TwoWay' ? 'sap-icon://repost' : 'sap-icon://navigation-right-arrow' }" 
								press="onBindingModeChange" 
								text="{__ModelInspector>/InspectingModel/_Info/BindingMode}" />
						</contentLeft>
						<contentRight>
							<Button text="Close" press="onClosePopover" />
						</contentRight>
					</Bar>
				</footer>
			</Page>
		</NavContainer>
    </content>
	</ResponsivePopover>
</core:FragmentDefinition>